[{"id":0,"name":"","internal_name":"None","x":1,"y":1,"buff_type":0},{"id":1,"name":"Obsidian Skin","internal_name":"ObsidianSkin","x":19,"y":1,"buff_type":0,"tooltip":["Immune to lava"]},{"id":2,"name":"Regeneration","internal_name":"Regeneration","x":37,"y":1,"buff_type":0,"tooltip":["Provides life regeneration"]},{"id":3,"name":"Swiftness","internal_name":"Swiftness","x":55,"y":1,"buff_type":0,"tooltip":["25% increased movement speed"]},{"id":4,"name":"Gills","internal_name":"Gills","x":73,"y":1,"buff_type":0,"tooltip":["Breathe water instead of air"]},{"id":5,"name":"Ironskin","internal_name":"Ironskin","x":91,"y":1,"buff_type":0,"tooltip":["Increase defense by 8"]},{"id":6,"name":"Mana Regeneration","internal_name":"ManaRegeneration","x":109,"y":1,"buff_type":0,"tooltip":["Increased mana regeneration"]},{"id":7,"name":"Magic Power","internal_name":"MagicPower","x":127,"y":1,"buff_type":0,"tooltip":["20% increased magic damage"]},{"id":8,"name":"Featherfall","internal_name":"Featherfall","x":145,"y":1,"buff_type":0,"tooltip":["Press UP or DOWN to control speed of descent"]},{"id":9,"name":"Spelunker","internal_name":"Spelunker","x":163,"y":1,"buff_type":0,"tooltip":["Shows the location of treasure and ore"]},{"id":10,"name":"Invisibility","internal_name":"Invisibility","x":181,"y":1,"buff_type":0,"tooltip":["Grants invisibility"]},{"id":11,"name":"Shine","internal_name":"Shine","x":199,"y":1,"buff_type":0,"tooltip":["Emitting light"]},{"id":12,"name":"Night Owl","internal_name":"NightOwl","x":217,"y":1,"buff_type":0,"tooltip":["Increased night vision"]},{"id":13,"name":"Battle","internal_name":"Battle","x":235,"y":1,"buff_type":0,"tooltip":["Increased enemy spawn rate"]},{"id":14,"name":"Thorns","internal_name":"Thorns","x":253,"y":1,"buff_type":0,"tooltip":["Attackers also take damage"]},{"id":15,"name":"Water Walking","internal_name":"WaterWalking","x":271,"y":1,"buff_type":0,"tooltip":["Press DOWN to enter water"]},{"id":16,"name":"Archery","internal_name":"Archery","x":289,"y":1,"buff_type":0,"tooltip":["10% increased bow damage and 20% increased arrow speed"]},{"id":17,"name":"Hunter","internal_name":"Hunter","x":307,"y":1,"buff_type":0,"tooltip":["Shows the location of enemies"]},{"id":18,"name":"Gravitation","internal_name":"Gravitation","x":325,"y":1,"buff_type":0,"tooltip":["Press UP to reverse gravity"]},{"id":19,"name":"Shadow Orb","internal_name":"ShadowOrb","x":343,"y":1,"buff_type":0,"tooltip":["A magical orb that provides light"]},{"id":20,"name":"Poisoned","internal_name":"Poisoned","x":361,"y":1,"buff_type":1,"tooltip":["Slowly losing life"]},{"id":21,"name":"Potion Sickness","internal_name":"PotionSickness","x":379,"y":1,"buff_type":1,"tooltip":["Cannot consume anymore healing items"]},{"id":22,"name":"Darkness","internal_name":"Darkness","x":397,"y":1,"buff_type":1,"tooltip":["Decreased light vision"]},{"id":23,"name":"Cursed","internal_name":"Cursed","x":415,"y":1,"buff_type":1,"tooltip":["Cannot use any items"]},{"id":24,"name":"On Fire!","internal_name":"OnFire","x":433,"y":1,"buff_type":1,"tooltip":["Slowly losing life"]},{"id":25,"name":"Tipsy","internal_name":"Tipsy","x":451,"y":1,"buff_type":1,"tooltip":["Increased melee abilities, lowered defense"]},{"id":26,"name":"Well Fed","internal_name":"WellFed","x":469,"y":1,"buff_type":0,"tooltip":["Minor improvements to all stats"]},{"id":27,"name":"Fairy","internal_name":"FairyBlue","x":487,"y":1,"buff_type":0,"tooltip":["A fairy is following you"]},{"id":28,"name":"Werewolf","internal_name":"Werewolf","x":1,"y":19,"buff_type":0,"tooltip":["Physical abilities are increased"]},{"id":29,"name":"Clairvoyance","internal_name":"Clairvoyance","x":19,"y":19,"buff_type":0,"tooltip":["Magic powers are increased"]},{"id":30,"name":"Bleeding","internal_name":"Bleeding","x":37,"y":19,"buff_type":1,"tooltip":["Cannot regenerate life"]},{"id":31,"name":"Confused","internal_name":"Confused","x":55,"y":19,"buff_type":1,"tooltip":["Movement is reversed"]},{"id":32,"name":"Slow","internal_name":"Slow","x":73,"y":19,"buff_type":1,"tooltip":["Movement speed is reduced"]},{"id":33,"name":"Weak","internal_name":"Weak","x":91,"y":19,"buff_type":1,"tooltip":["Physical abilities are decreased"]},{"id":34,"name":"Merfolk","internal_name":"Merfolk","x":109,"y":19,"buff_type":0,"tooltip":["Can breathe and move easily underwater"]},{"id":35,"name":"Silenced","internal_name":"Silenced","x":127,"y":19,"buff_type":1,"tooltip":["Cannot use items that require mana"]},{"id":36,"name":"Broken Armor","internal_name":"BrokenArmor","x":145,"y":19,"buff_type":1,"tooltip":["Defense is cut in half"]},{"id":37,"name":"Horrified","internal_name":"Horrified","x":163,"y":19,"buff_type":1,"tooltip":["You have seen something nasty, there is no escape."]},{"id":38,"name":"The Tongue","internal_name":"TheTongue","x":181,"y":19,"buff_type":1,"tooltip":["You are being sucked into the mouth"]},{"id":39,"name":"Cursed Inferno","internal_name":"CursedInferno","x":199,"y":19,"buff_type":1,"tooltip":["Losing life"]},{"id":40,"name":"Pet Bunny","internal_name":"PetBunny","x":217,"y":19,"buff_type":0,"tooltip":["I think it wants your carrot"]},{"id":41,"name":"Baby Penguin","internal_name":"BabyPenguin","x":235,"y":19,"buff_type":0,"tooltip":["I think it wants your fish"]},{"id":42,"name":"Pet Turtle","internal_name":"PetTurtle","x":253,"y":19,"buff_type":0,"tooltip":["Happy turtle time!"]},{"id":43,"name":"Paladin's Shield","internal_name":"PaladinsShield","x":271,"y":19,"buff_type":0,"tooltip":["25% of damage taken will be redirected to another player"]},{"id":44,"name":"Frostburn","internal_name":"Frostburn","x":289,"y":19,"buff_type":1,"tooltip":["It's either really hot or really cold. Either way it REALLY hurts"]},{"id":45,"name":"Baby Eater","internal_name":"BabyEater","x":307,"y":19,"buff_type":0,"tooltip":["A baby Eater of Souls is following you"]},{"id":46,"name":"Chilled","internal_name":"Chilled","x":325,"y":19,"buff_type":1,"tooltip":["Your movement speed has been reduced"]},{"id":47,"name":"Frozen","internal_name":"Frozen","x":343,"y":19,"buff_type":1,"tooltip":["You can't move!"]},{"id":48,"name":"Honey","internal_name":"Honey","x":361,"y":19,"buff_type":0,"tooltip":["Life regeneration is increased"]},{"id":49,"name":"Pygmies","internal_name":"Pygmies","x":379,"y":19,"buff_type":0,"tooltip":["The pygmies will fight for you"]},{"id":50,"name":"Baby Skeletron Head","internal_name":"BabySkeletronHead","x":397,"y":19,"buff_type":0,"tooltip":["Don't even ask..."]},{"id":51,"name":"Baby Hornet","internal_name":"BabyHornet","x":415,"y":19,"buff_type":0,"tooltip":["It thinks you are its mother"]},{"id":52,"name":"Tiki Spirit","internal_name":"TikiSpirit","x":433,"y":19,"buff_type":0,"tooltip":["A friendly spirit is following you"]},{"id":53,"name":"Pet Lizard","internal_name":"PetLizard","x":451,"y":19,"buff_type":0,"tooltip":["Chillin' like a reptilian"]},{"id":54,"name":"Pet Parrot","internal_name":"PetParrot","x":469,"y":19,"buff_type":0,"tooltip":["Polly wants the cracker"]},{"id":55,"name":"Baby Truffle","internal_name":"BabyTruffle","x":487,"y":19,"buff_type":0,"tooltip":["Isn't this just soooo cute?"]},{"id":56,"name":"Pet Sapling","internal_name":"PetSapling","x":1,"y":37,"buff_type":0,"tooltip":["A little sapling is following you"]},{"id":57,"name":"Wisp","internal_name":"Wisp","x":19,"y":37,"buff_type":0,"tooltip":["A wisp is following you"]},{"id":58,"name":"Rapid Healing","internal_name":"RapidHealing","x":37,"y":37,"buff_type":0,"tooltip":["Life regeneration is greatly increased"]},{"id":59,"name":"Holy Protection","internal_name":"ShadowDodge","x":55,"y":37,"buff_type":0,"tooltip":["You will dodge the next attack"]},{"id":60,"name":"Leaf Crystal","internal_name":"LeafCrystal","x":73,"y":37,"buff_type":0,"tooltip":["Shoots crystal leaves at nearby enemies"]},{"id":61,"name":"Baby Dinosaur","internal_name":"BabyDinosaur","x":91,"y":37,"buff_type":0,"tooltip":["A baby dinosaur is following you"]},{"id":62,"name":"Ice Barrier","internal_name":"IceBarrier","x":109,"y":37,"buff_type":0,"tooltip":["Damage taken is reduced by 25%"]},{"id":63,"name":"Panic!","internal_name":"Panic","x":127,"y":37,"buff_type":0,"tooltip":["Movement speed is increased"]},{"id":64,"name":"Baby Slime","internal_name":"BabySlime","x":145,"y":37,"buff_type":0,"tooltip":["The baby slime will fight for you"]},{"id":65,"name":"Eyeball Spring","internal_name":"EyeballSpring","x":163,"y":37,"buff_type":0,"tooltip":["An eyeball spring is following you"]},{"id":66,"name":"Baby Snowman","internal_name":"BabySnowman","x":181,"y":37,"buff_type":0,"tooltip":["A baby snowman is following you"]},{"id":67,"name":"Burning","internal_name":"Burning","x":199,"y":37,"buff_type":1,"tooltip":["Losing life and slowed movement"]},{"id":68,"name":"Suffocation","internal_name":"Suffocation","x":217,"y":37,"buff_type":1,"tooltip":["Losing life"]},{"id":69,"name":"Ichor","internal_name":"Ichor","x":235,"y":37,"buff_type":1,"tooltip":["Reduced defense"]},{"id":70,"name":"Acid Venom","internal_name":"Venom","x":253,"y":37,"buff_type":1,"tooltip":["Losing life"]},{"id":71,"name":"Weapon Imbue: Acid Venom","internal_name":"WeaponImbueVenom","x":271,"y":37,"buff_type":0,"tooltip":["Melee attacks inflict acid venom on your targets"]},{"id":72,"name":"Midas","internal_name":"Midas","x":289,"y":37,"buff_type":1,"tooltip":["Drop more money on death"]},{"id":73,"name":"Weapon Imbue: Cursed Flames","internal_name":"WeaponImbueCursedFlames","x":307,"y":37,"buff_type":0,"tooltip":["Melee attacks inflict enemies with cursed flames"]},{"id":74,"name":"Weapon Imbue: Fire","internal_name":"WeaponImbueFire","x":325,"y":37,"buff_type":0,"tooltip":["Melee attacks set enemies on fire"]},{"id":75,"name":"Weapon Imbue: Gold","internal_name":"WeaponImbueGold","x":343,"y":37,"buff_type":0,"tooltip":["Melee attacks make enemies drop more gold"]},{"id":76,"name":"Weapon Imbue: Ichor","internal_name":"WeaponImbueIchor","x":361,"y":37,"buff_type":0,"tooltip":["Melee attacks decrease enemies defense"]},{"id":77,"name":"Weapon Imbue: Nanites","internal_name":"WeaponImbueNanites","x":379,"y":37,"buff_type":0,"tooltip":["Melee attacks confuse enemies"]},{"id":78,"name":"Weapon Imbue: Confetti","internal_name":"WeaponImbueConfetti","x":397,"y":37,"buff_type":0,"tooltip":["Melee attacks cause confetti to appear"]},{"id":79,"name":"Weapon Imbue: Poison","internal_name":"WeaponImbuePoison","x":415,"y":37,"buff_type":0,"tooltip":["Melee attacks poison enemies"]},{"id":80,"name":"Blackout","internal_name":"Blackout","x":433,"y":37,"buff_type":1,"tooltip":["Light vision severely reduced"]},{"id":81,"name":"Pet Spider","internal_name":"PetSpider","x":451,"y":37,"buff_type":0,"tooltip":["A spider is following you"]},{"id":82,"name":"Squashling","internal_name":"Squashling","x":469,"y":37,"buff_type":0,"tooltip":["A squashling is following you"]},{"id":83,"name":"Ravens","internal_name":"Ravens","x":487,"y":37,"buff_type":0,"tooltip":["The ravens will attack your enemies"]},{"id":84,"name":"Black Cat","internal_name":"BlackCat","x":1,"y":55,"buff_type":0,"tooltip":["A black kitty is following you"]},{"id":85,"name":"Cursed Sapling","internal_name":"CursedSapling","x":19,"y":55,"buff_type":0,"tooltip":["A cursed sapling is following you"]},{"id":86,"name":"Water Candle","internal_name":"WaterCandle","x":37,"y":55,"buff_type":1,"tooltip":["Increased monster spawn rate"]},{"id":87,"name":"Cozy Fire","internal_name":"Campfire","x":55,"y":55,"buff_type":0,"tooltip":["Life regen is slightly increased"]},{"id":88,"name":"Chaos State","internal_name":"ChaosState","x":73,"y":55,"buff_type":1,"tooltip":["Using the Rod of Discord will take life"]},{"id":89,"name":"Heart Lamp","internal_name":"HeartLamp","x":91,"y":55,"buff_type":0,"tooltip":["Life regen is increased"]},{"id":90,"name":"Rudolph","internal_name":"Rudolph","x":109,"y":55,"buff_type":0,"tooltip":["Riding the red nosed reindeer"]},{"id":91,"name":"Puppy","internal_name":"Puppy","x":127,"y":55,"buff_type":0,"tooltip":["A puppy is following you"]},{"id":92,"name":"Baby Grinch","internal_name":"BabyGrinch","x":145,"y":55,"buff_type":0,"tooltip":["A baby grinch is following you"]},{"id":93,"name":"Ammo Box","internal_name":"AmmoBox","x":163,"y":55,"buff_type":0,"tooltip":["20% chance to save ammo"]},{"id":94,"name":"Mana Sickness","internal_name":"ManaSickness","x":181,"y":55,"buff_type":1,"tooltip":["Magic damage reduced by "]},{"id":95,"name":"Beetle Endurance","internal_name":"BeetleEndurance1","x":199,"y":55,"buff_type":0,"tooltip":["Damage taken reduced by 15%"]},{"id":96,"name":"Beetle Endurance","internal_name":"BeetleEndurance2","x":217,"y":55,"buff_type":0,"tooltip":["Damage taken reduced by 30%"]},{"id":97,"name":"Beetle Endurance","internal_name":"BeetleEndurance3","x":235,"y":55,"buff_type":0,"tooltip":["Damage taken reduced by 45%"]},{"id":98,"name":"Beetle Might","internal_name":"BeetleMight1","x":253,"y":55,"buff_type":0,"tooltip":["Melee damage and speed increase by 10%"]},{"id":99,"name":"Beetle Might","internal_name":"BeetleMight2","x":271,"y":55,"buff_type":0,"tooltip":["Melee damage and speed increase by 20%"]},{"id":100,"name":"Beetle Might","internal_name":"BeetleMight3","x":289,"y":55,"buff_type":0,"tooltip":["Melee damage and speed increase by 30%"]},{"id":101,"name":"Fairy","internal_name":"FairyRed","x":307,"y":55,"buff_type":0,"tooltip":["A fairy is following you"]},{"id":102,"name":"Fairy","internal_name":"FairyGreen","x":325,"y":55,"buff_type":0,"tooltip":["A fairy is following you"]},{"id":103,"name":"Wet","internal_name":"Wet","x":343,"y":55,"buff_type":1,"tooltip":["You are dripping water"]},{"id":104,"name":"Mining","internal_name":"Mining","x":361,"y":55,"buff_type":0,"tooltip":["25% increased mining speed"]},{"id":105,"name":"Heartreach","internal_name":"Heartreach","x":379,"y":55,"buff_type":0,"tooltip":["Increased heart pickup range"]},{"id":106,"name":"Calm","internal_name":"Calm","x":397,"y":55,"buff_type":0,"tooltip":["Decreased enemy spawn rate"]},{"id":107,"name":"Builder","internal_name":"Builder","x":415,"y":55,"buff_type":0,"tooltip":["Increased placement speed and range"]},{"id":108,"name":"Titan","internal_name":"Titan","x":433,"y":55,"buff_type":0,"tooltip":["Increased knockback"]},{"id":109,"name":"Flipper","internal_name":"Flipper","x":451,"y":55,"buff_type":0,"tooltip":["Move like normal in water"]},{"id":110,"name":"Summoning","internal_name":"Summoning","x":469,"y":55,"buff_type":0,"tooltip":["Increased max number of minions"]},{"id":111,"name":"Dangersense","internal_name":"Dangersense","x":487,"y":55,"buff_type":0,"tooltip":["You can see nearby hazards"]},{"id":112,"name":"Ammo Reservation","internal_name":"AmmoReservation","x":1,"y":73,"buff_type":0,"tooltip":["20% chance to save ammo"]},{"id":113,"name":"Lifeforce","internal_name":"Lifeforce","x":19,"y":73,"buff_type":0,"tooltip":["20% increased max life"]},{"id":114,"name":"Endurance","internal_name":"Endurance","x":37,"y":73,"buff_type":0,"tooltip":["10% reduced damage"]},{"id":115,"name":"Rage","internal_name":"Rage","x":55,"y":73,"buff_type":0,"tooltip":["10% increased critical chance"]},{"id":116,"name":"Inferno","internal_name":"Inferno","x":73,"y":73,"buff_type":0,"tooltip":["Nearby enemies are ignited"]},{"id":117,"name":"Wrath","internal_name":"Wrath","x":91,"y":73,"buff_type":0,"tooltip":["10% increased damage"]},{"id":118,"name":"Minecart","internal_name":"MinecartLeft","x":109,"y":73,"buff_type":0,"tooltip":["Riding in a minecart"]},{"id":119,"name":"Lovestruck","internal_name":"Lovestruck","x":127,"y":73,"buff_type":1,"tooltip":["You are in love!"]},{"id":120,"name":"Stinky","internal_name":"Stinky","x":145,"y":73,"buff_type":1,"tooltip":["You smell terrible"]},{"id":121,"name":"Fishing","internal_name":"Fishing","x":163,"y":73,"buff_type":0,"tooltip":["Increased fishing power"]},{"id":122,"name":"Sonar","internal_name":"Sonar","x":181,"y":73,"buff_type":0,"tooltip":["You can see what's biting your hook"]},{"id":123,"name":"Crate","internal_name":"Crate","x":199,"y":73,"buff_type":0,"tooltip":["Greater chance of fishing up a crate"]},{"id":124,"name":"Warmth","internal_name":"Warmth","x":217,"y":73,"buff_type":0,"tooltip":["Reduced damage from cold sources"]},{"id":125,"name":"Hornet","internal_name":"HornetMinion","x":235,"y":73,"buff_type":0,"tooltip":["The hornet will fight for you"]},{"id":126,"name":"Imp","internal_name":"ImpMinion","x":253,"y":73,"buff_type":0,"tooltip":["The imp will fight for you"]},{"id":127,"name":"Zephyr Fish","internal_name":"ZephyrFish","x":271,"y":73,"buff_type":0,"tooltip":["It likes swimming around you"]},{"id":128,"name":"Bunny Mount","internal_name":"BunnyMount","x":289,"y":73,"buff_type":0,"tooltip":["You are craving carrots"]},{"id":129,"name":"Pigron Mount","internal_name":"PigronMount","x":307,"y":73,"buff_type":0,"tooltip":["Now you see me..."]},{"id":130,"name":"Slime Mount","internal_name":"SlimeMount","x":325,"y":73,"buff_type":0,"tooltip":["BOOOIIINNNG!"]},{"id":131,"name":"Turtle Mount","internal_name":"TurtleMount","x":343,"y":73,"buff_type":0,"tooltip":["Slow if by land, zoom if by sea"]},{"id":132,"name":"Bee Mount","internal_name":"BeeMount","x":361,"y":73,"buff_type":0,"tooltip":["BzzzBzzBZZZZBzzz"]},{"id":133,"name":"Spider","internal_name":"SpiderMinion","x":379,"y":73,"buff_type":0,"tooltip":["The spider will fight for you"]},{"id":134,"name":"Twins","internal_name":"TwinEyesMinion","x":397,"y":73,"buff_type":0,"tooltip":["The twins will fight for you"]},{"id":135,"name":"Pirate","internal_name":"PirateMinion","x":415,"y":73,"buff_type":0,"tooltip":["The pirate will fight for you"]},{"id":136,"name":"Mini Minotaur","internal_name":"MiniMinotaur","x":433,"y":73,"buff_type":0,"tooltip":["How do you defeat a mini Minotaur?"]},{"id":137,"name":"Slime","internal_name":"Slimed","x":451,"y":73,"buff_type":1,"tooltip":["You are slimy and sticky"]},{"id":138,"name":"Minecart","internal_name":"MinecartRight","x":469,"y":73,"buff_type":0,"tooltip":["Riding in a minecart"]},{"id":139,"name":"Sharknado","internal_name":"SharknadoMinion","x":487,"y":73,"buff_type":0,"tooltip":["The sharknado will fight for you"]},{"id":140,"name":"UFO","internal_name":"UFOMinion","x":1,"y":91,"buff_type":0,"tooltip":["The UFO will fight for you"]},{"id":141,"name":"UFO Mount","internal_name":"UFOMount","x":19,"y":91,"buff_type":0,"tooltip":["It's a good thing you had a MAC"]},{"id":142,"name":"Drill Mount","internal_name":"DrillMount","x":37,"y":91,"buff_type":0,"tooltip":["Riding in a flying drill"]},{"id":143,"name":"Scutlix Mount","internal_name":"ScutlixMount","x":55,"y":91,"buff_type":0,"tooltip":["Pew Pew"]},{"id":144,"name":"Electrified","internal_name":"Electrified","x":73,"y":91,"buff_type":1,"tooltip":["Moving hurts!"]},{"id":145,"name":"Moon Bite","internal_name":"MoonLeech","x":91,"y":91,"buff_type":1,"tooltip":["You are unable to absorb healing effects"]},{"id":146,"name":"Happy!","internal_name":"Sunflower","x":109,"y":91,"buff_type":0,"tooltip":["Movement speed increased and monster spawns reduced"]},{"id":147,"name":"Banner","internal_name":"MonsterBanner","x":127,"y":91,"buff_type":0,"tooltip":["Increased damage and defense from the following:"]},{"id":148,"name":"Feral Bite","internal_name":"Rabies","x":145,"y":91,"buff_type":1,"tooltip":["Increased damage, Decreased life regen, Causes status effects"]},{"id":149,"name":"Webbed","internal_name":"Webbed","x":163,"y":91,"buff_type":1,"tooltip":["You are stuck"]},{"id":150,"name":"Bewitched","internal_name":"Bewitched","x":181,"y":91,"buff_type":0,"tooltip":["Increased max number of minions"]},{"id":151,"name":"Life Drain","internal_name":"SoulDrain","x":199,"y":91,"buff_type":0,"tooltip":["Increased life regeneration"]},{"id":152,"name":"Magic Lantern","internal_name":"MagicLantern","x":217,"y":91,"buff_type":0,"tooltip":["An enchanted lantern is lighting your way"]},{"id":153,"name":"Shadowflame","internal_name":"ShadowFlame","x":235,"y":91,"buff_type":1,"tooltip":["Losing life"]},{"id":154,"name":"Baby Face Monster","internal_name":"BabyFaceMonster","x":253,"y":91,"buff_type":0,"tooltip":["A baby face monster is following you"]},{"id":155,"name":"Crimson Heart","internal_name":"CrimsonHeart","x":271,"y":91,"buff_type":0,"tooltip":["A magical heart that provides light"]},{"id":156,"name":"Stoned","internal_name":"Stoned","x":289,"y":91,"buff_type":1,"tooltip":["You are completely petrified!"]},{"id":157,"name":"Peace Candle","internal_name":"PeaceCandle","x":307,"y":91,"buff_type":0,"tooltip":["Decreased monster spawn rate"]},{"id":158,"name":"Star in a Bottle","internal_name":"StarInBottle","x":325,"y":91,"buff_type":0,"tooltip":["Increased mana regeneration"]},{"id":159,"name":"Sharpened","internal_name":"Sharpened","x":343,"y":91,"buff_type":0,"tooltip":["Melee weapons have armor penetration"]},{"id":160,"name":"Dazed","internal_name":"Dazed","x":361,"y":91,"buff_type":1,"tooltip":["Movement is greatly slowed"]},{"id":161,"name":"Deadly Sphere","internal_name":"DeadlySphere","x":379,"y":91,"buff_type":0,"tooltip":["The Deadly Sphere will fight for you"]},{"id":162,"name":"Unicorn Mount","internal_name":"UnicornMount","x":397,"y":91,"buff_type":0,"tooltip":["Charge ahead... fabulously!"]},{"id":163,"name":"Obstructed","internal_name":"Obstructed","x":415,"y":91,"buff_type":1,"tooltip":["You can't see!"]},{"id":164,"name":"Distorted","internal_name":"VortexDebuff","x":433,"y":91,"buff_type":1,"tooltip":["Gravity around you is distorted"]},{"id":165,"name":"Dryad's Blessing","internal_name":"DryadsWard","x":451,"y":91,"buff_type":0,"tooltip":["The power of nature protects you"]},{"id":166,"name":"Minecart","internal_name":"MinecartRightMech","x":469,"y":91,"buff_type":0,"tooltip":["Riding in a minecart"]},{"id":167,"name":"Minecart","internal_name":"MinecartLeftMech","x":487,"y":91,"buff_type":0,"tooltip":["Riding in a minecart"]},{"id":168,"name":"Cute Fishron Mount","internal_name":"CuteFishronMount","x":1,"y":109,"buff_type":0,"tooltip":["Just don't make it crawl."]},{"id":169,"name":"Penetrated","internal_name":"BoneJavelin","x":19,"y":109,"buff_type":1,"tooltip":["Bleeding Out"]},{"id":170,"name":"Solar Blaze","internal_name":"SolarShield1","x":37,"y":109,"buff_type":0,"tooltip":["Damage taken reduced by 30%, repel enemies when taking damage"]},{"id":171,"name":"Solar Blaze","internal_name":"SolarShield2","x":55,"y":109,"buff_type":0,"tooltip":["Damage taken reduced by 30%, repel enemies when taking damage"]},{"id":172,"name":"Solar Blaze","internal_name":"SolarShield3","x":73,"y":109,"buff_type":0,"tooltip":["Damage taken reduced by 30%, repel enemies when taking damage"]},{"id":173,"name":"Life Nebula","internal_name":"NebulaUpLife1","x":91,"y":109,"buff_type":0,"tooltip":["Increased life regeneration"]},{"id":174,"name":"Life Nebula","internal_name":"NebulaUpLife2","x":109,"y":109,"buff_type":0,"tooltip":["Increased life regeneration"]},{"id":175,"name":"Life Nebula","internal_name":"NebulaUpLife3","x":127,"y":109,"buff_type":0,"tooltip":["Increased life regeneration"]},{"id":176,"name":"Mana Nebula","internal_name":"NebulaUpMana1","x":145,"y":109,"buff_type":0,"tooltip":["Increased mana regeneration"]},{"id":177,"name":"Mana Nebula","internal_name":"NebulaUpMana2","x":163,"y":109,"buff_type":0,"tooltip":["Increased mana regeneration"]},{"id":178,"name":"Mana Nebula","internal_name":"NebulaUpMana3","x":181,"y":109,"buff_type":0,"tooltip":["Increased mana regeneration"]},{"id":179,"name":"Damage Nebula","internal_name":"NebulaUpDmg1","x":199,"y":109,"buff_type":0,"tooltip":["15% increased damage"]},{"id":180,"name":"Damage Nebula","internal_name":"NebulaUpDmg2","x":217,"y":109,"buff_type":0,"tooltip":["30% increased damage"]},{"id":181,"name":"Damage Nebula","internal_name":"NebulaUpDmg3","x":235,"y":109,"buff_type":0,"tooltip":["45% increased damage"]},{"id":182,"name":"Stardust Cell","internal_name":"StardustMinion","x":253,"y":109,"buff_type":0,"tooltip":["The stardust cell will fight for you"]},{"id":183,"name":"Celled","internal_name":"StardustMinionBleed","x":271,"y":109,"buff_type":1,"tooltip":["being eaten by cells"]},{"id":184,"name":"Minecart","internal_name":"MinecartLeftWood","x":289,"y":109,"buff_type":0,"tooltip":["Riding in a minecart"]},{"id":185,"name":"Minecart","internal_name":"MinecartRightWood","x":307,"y":109,"buff_type":0,"tooltip":["Riding in a minecart"]},{"id":186,"name":"Dryad's Bane","internal_name":"DryadsWardDebuff","x":325,"y":109,"buff_type":1,"tooltip":["The power of nature compells you"]},{"id":187,"name":"Stardust Guardian","internal_name":"StardustGuardianMinion","x":343,"y":109,"buff_type":0,"tooltip":["The stardust guardian will protect you"]},{"id":188,"name":"Stardust Dragon","internal_name":"StardustDragonMinion","x":361,"y":109,"buff_type":0,"tooltip":["The stardust dragon will protect you"]},{"id":189,"name":"Daybroken","internal_name":"Daybreak","x":379,"y":109,"buff_type":1,"tooltip":["Incinerated by solar rays"]},{"id":190,"name":"Suspicious Looking Eye","internal_name":"SuspiciousTentacle","x":397,"y":109,"buff_type":0,"tooltip":["A suspicious looking eye that provides light"]},{"id":191,"name":"Companion Cube","internal_name":"CompanionCube","x":415,"y":109,"buff_type":0,"tooltip":["Will never threaten to stab you and, in fact, cannot speak"]},{"id":192,"name":"Sugar Rush","internal_name":"SugarRush","x":433,"y":109,"buff_type":1,"tooltip":["20% increased movement and mining speed"]},{"id":193,"name":"Basilisk Mount","internal_name":"BasiliskMount","x":451,"y":109,"buff_type":0,"tooltip":["Crash into anyone... and EVERYONE!"]},{"id":194,"name":"Mighty Wind","internal_name":"WindPushed","x":469,"y":109,"buff_type":1,"tooltip":["The wind moves you around!"]},{"id":195,"name":"Withered Armor","internal_name":"WitheredArmor","x":487,"y":109,"buff_type":1,"tooltip":["Your armor is lowered!"]},{"id":196,"name":"Withered Weapon","internal_name":"WitheredWeapon","x":1,"y":127,"buff_type":1,"tooltip":["Your attacks are weaker!"]},{"id":197,"name":"Oozed","internal_name":"OgreSpit","x":19,"y":127,"buff_type":1,"tooltip":["Movement is significantly reduced"]},{"id":198,"name":"Striking Moment","internal_name":"ParryDamageBuff","x":37,"y":127,"buff_type":0,"tooltip":["400% increased damage for next melee strike"]},{"id":199,"name":"Creative Shock","internal_name":"NoBuilding","x":55,"y":127,"buff_type":1,"tooltip":["You have lost the power of creation!"]},{"id":200,"name":"Propeller Gato","internal_name":"PetDD2Gato","x":73,"y":127,"buff_type":0,"tooltip":["A propeller gato is following you"]},{"id":201,"name":"Flickerwick","internal_name":"PetDD2Ghost","x":91,"y":127,"buff_type":0,"tooltip":["A flickerwick is following you"]},{"id":202,"name":"Hoardagron","internal_name":"PetDD2Dragon","x":109,"y":127,"buff_type":0,"tooltip":["A hoardagron is following you"]},{"id":203,"name":"Betsy's Curse","internal_name":"BetsysCurse","x":127,"y":127,"buff_type":1,"tooltip":["Defense is lowered"]},{"id":204,"name":"Oiled","internal_name":"Oiled","x":145,"y":127,"buff_type":1,"tooltip":["Taking more damage from being on fire"]},{"id":205,"name":"Ballista Panic!","internal_name":"BallistaPanic","x":163,"y":127,"buff_type":0,"tooltip":["Your ballistas rapidly shoot in panic!"]},{"id":206,"name":"Plenty Satisfied","internal_name":"WellFed2","x":181,"y":127,"buff_type":0,"tooltip":["Medium improvements to all stats"]},{"id":207,"name":"Exquisitely Stuffed","internal_name":"WellFed3","x":199,"y":127,"buff_type":0,"tooltip":["Major improvements to all stats"]},{"id":208,"name":"Minecart","internal_name":"DesertMinecartRight","x":217,"y":127,"buff_type":0,"tooltip":["Riding in a minecart"]},{"id":209,"name":"Minecart","internal_name":"DesertMinecartLeft","x":235,"y":127,"buff_type":0,"tooltip":["Riding in a minecart"]},{"id":210,"name":"Minecart","internal_name":"FishMinecartRight","x":253,"y":127,"buff_type":0,"tooltip":["Riding in a minecart"]},{"id":211,"name":"Minecart","internal_name":"FishMinecartLeft","x":271,"y":127,"buff_type":0,"tooltip":["Riding in a minecart"]},{"id":212,"name":"Golf Cart","internal_name":"GolfCartMount","x":289,"y":127,"buff_type":0,"tooltip":["A fair way to cross the fairway"]},{"id":213,"name":"Sanguine Bat","internal_name":"BatOfLight","x":307,"y":127,"buff_type":0,"tooltip":["The sanguine bat will fight for you"]},{"id":214,"name":"Vampire Frog","internal_name":"VampireFrog","x":325,"y":127,"buff_type":0,"tooltip":["The vampire frog will fight for you"]},{"id":215,"name":"The Bast Defense","internal_name":"CatBast","x":343,"y":127,"buff_type":0,"tooltip":["Defense is increased by 5"]},{"id":216,"name":"Baby Finch","internal_name":"BabyBird","x":361,"y":127,"buff_type":0,"tooltip":["The baby finch will fight for you"]},{"id":217,"name":"Estee","internal_name":"UpbeatStar","x":379,"y":127,"buff_type":0,"tooltip":["Estee is following you"]},{"id":218,"name":"Sugar Glider","internal_name":"SugarGlider","x":397,"y":127,"buff_type":0,"tooltip":["A sugar glider is following you"]},{"id":219,"name":"Shark Pup","internal_name":"SharkPup","x":415,"y":127,"buff_type":0,"tooltip":["Doo doo doo doo doo doo"]},{"id":220,"name":"Minecart","internal_name":"BeeMinecartRight","x":433,"y":127,"buff_type":0,"tooltip":["Riding in a minecart"]},{"id":221,"name":"Minecart","internal_name":"BeeMinecartLeft","x":451,"y":127,"buff_type":0,"tooltip":["Riding in a minecart"]},{"id":222,"name":"Minecart","internal_name":"LadybugMinecartRight","x":469,"y":127,"buff_type":0,"tooltip":["Riding in a minecart"]},{"id":223,"name":"Minecart","internal_name":"LadybugMinecartLeft","x":487,"y":127,"buff_type":0,"tooltip":["Riding in a minecart"]},{"id":224,"name":"Minecart","internal_name":"PigronMinecartRight","x":1,"y":145,"buff_type":0,"tooltip":["Riding in a minecart"]},{"id":225,"name":"Minecart","internal_name":"PigronMinecartLeft","x":19,"y":145,"buff_type":0,"tooltip":["Riding in a minecart"]},{"id":226,"name":"Minecart","internal_name":"SunflowerMinecartRight","x":37,"y":145,"buff_type":0,"tooltip":["Riding in a minecart"]},{"id":227,"name":"Minecart","internal_name":"SunflowerMinecartLeft","x":55,"y":145,"buff_type":0,"tooltip":["Riding in a minecart"]},{"id":228,"name":"Minecart","internal_name":"HellMinecartRight","x":73,"y":145,"buff_type":0,"tooltip":["Riding in a minecart"]},{"id":229,"name":"Minecart","internal_name":"HellMinecartLeft","x":91,"y":145,"buff_type":0,"tooltip":["Riding in a minecart"]},{"id":230,"name":"Witch's Broom","internal_name":"WitchBroom","x":109,"y":145,"buff_type":0,"tooltip":["It flies! WITCHCRAFT!"]},{"id":231,"name":"Minecart","internal_name":"ShroomMinecartRight","x":127,"y":145,"buff_type":0,"tooltip":["Riding in a minecart"]},{"id":232,"name":"Minecart","internal_name":"ShroomMinecartLeft","x":145,"y":145,"buff_type":0,"tooltip":["Riding in a minecart"]},{"id":233,"name":"Minecart","internal_name":"AmethystMinecartRight","x":163,"y":145,"buff_type":0,"tooltip":["Riding in a minecart"]},{"id":234,"name":"Minecart","internal_name":"AmethystMinecartLeft","x":181,"y":145,"buff_type":0,"tooltip":["Riding in a minecart"]},{"id":235,"name":"Minecart","internal_name":"TopazMinecartRight","x":199,"y":145,"buff_type":0,"tooltip":["Riding in a minecart"]},{"id":236,"name":"Minecart","internal_name":"TopazMinecartLeft","x":217,"y":145,"buff_type":0,"tooltip":["Riding in a minecart"]},{"id":237,"name":"Minecart","internal_name":"SapphireMinecartRight","x":235,"y":145,"buff_type":0,"tooltip":["Riding in a minecart"]},{"id":238,"name":"Minecart","internal_name":"SapphireMinecartLeft","x":253,"y":145,"buff_type":0,"tooltip":["Riding in a minecart"]},{"id":239,"name":"Minecart","internal_name":"EmeraldMinecartRight","x":271,"y":145,"buff_type":0,"tooltip":["Riding in a minecart"]},{"id":240,"name":"Minecart","internal_name":"EmeraldMinecartLeft","x":289,"y":145,"buff_type":0,"tooltip":["Riding in a minecart"]},{"id":241,"name":"Minecart","internal_name":"RubyMinecartRight","x":307,"y":145,"buff_type":0,"tooltip":["Riding in a minecart"]},{"id":242,"name":"Minecart","internal_name":"RubyMinecartLeft","x":325,"y":145,"buff_type":0,"tooltip":["Riding in a minecart"]},{"id":243,"name":"Minecart","internal_name":"DiamondMinecartRight","x":343,"y":145,"buff_type":0,"tooltip":["Riding in a minecart"]},{"id":244,"name":"Minecart","internal_name":"DiamondMinecartLeft","x":361,"y":145,"buff_type":0,"tooltip":["Riding in a minecart"]},{"id":245,"name":"Minecart","internal_name":"AmberMinecartRight","x":379,"y":145,"buff_type":0,"tooltip":["Riding in a minecart"]},{"id":246,"name":"Minecart","internal_name":"AmberMinecartLeft","x":397,"y":145,"buff_type":0,"tooltip":["Riding in a minecart"]},{"id":247,"name":"Minecart","internal_name":"BeetleMinecartRight","x":415,"y":145,"buff_type":0,"tooltip":["Riding in a minecart"]},{"id":248,"name":"Minecart","internal_name":"BeetleMinecartLeft","x":433,"y":145,"buff_type":0,"tooltip":["Riding in a minecart"]},{"id":249,"name":"Minecart","internal_name":"MeowmereMinecartRight","x":451,"y":145,"buff_type":0,"tooltip":["Riding in a minecart"]},{"id":250,"name":"Minecart","internal_name":"MeowmereMinecartLeft","x":469,"y":145,"buff_type":0,"tooltip":["Riding in a minecart"]},{"id":251,"name":"Minecart","internal_name":"PartyMinecartRight","x":487,"y":145,"buff_type":0,"tooltip":["Riding in a minecart"]},{"id":252,"name":"Minecart","internal_name":"PartyMinecartLeft","x":1,"y":163,"buff_type":0,"tooltip":["Riding in a minecart"]},{"id":253,"name":"Minecart","internal_name":"PirateMinecartRight","x":19,"y":163,"buff_type":0,"tooltip":["Riding in a minecart"]},{"id":254,"name":"Minecart","internal_name":"PirateMinecartLeft","x":37,"y":163,"buff_type":0,"tooltip":["Riding in a minecart"]},{"id":255,"name":"Minecart","internal_name":"SteampunkMinecartRight","x":55,"y":163,"buff_type":0,"tooltip":["Riding in a minecart"]},{"id":256,"name":"Minecart","internal_name":"SteampunkMinecartLeft","x":73,"y":163,"buff_type":0,"tooltip":["Riding in a minecart"]},{"id":257,"name":"Lucky","internal_name":"Lucky","x":91,"y":163,"buff_type":0,"tooltip":["You are feeling pretty lucky"]},{"id":258,"name":"Lil' Harpy","internal_name":"LilHarpy","x":109,"y":163,"buff_type":0,"tooltip":["Cuteness from above"]},{"id":259,"name":"Fennec Fox","internal_name":"FennecFox","x":127,"y":163,"buff_type":0,"tooltip":["What does the fox say? Better yet, what does the fox HEAR?!"]},{"id":260,"name":"Glittery Butterfly","internal_name":"GlitteryButterfly","x":145,"y":163,"buff_type":0,"tooltip":["Truly, truly outrageous"]},{"id":261,"name":"Baby Imp","internal_name":"BabyImp","x":163,"y":163,"buff_type":0,"tooltip":["Just wait till his terrible twos!"]},{"id":262,"name":"Baby Red Panda","internal_name":"BabyRedPanda","x":181,"y":163,"buff_type":0,"tooltip":["A baby red panda is following you"]},{"id":263,"name":"Desert Tiger","internal_name":"StormTiger","x":199,"y":163,"buff_type":0,"tooltip":["The desert tiger will fight beside you"]},{"id":264,"name":"Plantero","internal_name":"Plantero","x":217,"y":163,"buff_type":0,"tooltip":["Little Plantero is following you"]},{"id":265,"name":"Flamingo","internal_name":"Flamingo","x":235,"y":163,"buff_type":0,"tooltip":["Flamingogogo"]},{"id":266,"name":"Dynamite Kitten","internal_name":"DynamiteKitten","x":253,"y":163,"buff_type":0,"tooltip":["Not for use in cannons"]},{"id":267,"name":"Baby Werewolf","internal_name":"BabyWerewolf","x":271,"y":163,"buff_type":0,"tooltip":["A baby werewolf is following you"]},{"id":268,"name":"Shadow Mimic","internal_name":"ShadowMimic","x":289,"y":163,"buff_type":0,"tooltip":["A shadow mimic is following you"]},{"id":269,"name":"Minecart","internal_name":"CoffinMinecartRight","x":307,"y":163,"buff_type":0,"tooltip":["Riding in a minecart"]},{"id":270,"name":"Minecart","internal_name":"CoffinMinecartLeft","x":325,"y":163,"buff_type":0,"tooltip":["Riding in a minecart"]},{"id":271,"name":"Enchanted Daggers","internal_name":"Smolstar","x":343,"y":163,"buff_type":0,"tooltip":["Death by a thousand cuts"]},{"id":272,"name":"Digging Molecart","internal_name":"DiggingMoleMinecartRight","x":361,"y":163,"buff_type":0,"tooltip":["The Molecart will dig for you"]},{"id":273,"name":"Digging Molecart","internal_name":"DiggingMoleMinecartLeft","x":379,"y":163,"buff_type":0,"tooltip":["The Molecart will dig for you"]},{"id":274,"name":"Volt Bunny","internal_name":"VoltBunny","x":397,"y":163,"buff_type":0,"tooltip":["A volt bunny is ecstatic about you"]},{"id":275,"name":"Painted Horse Mount","internal_name":"PaintedHorseMount","x":415,"y":163,"buff_type":0,"tooltip":["Riding a Painted Horse"]},{"id":276,"name":"Majestic Horse Mount","internal_name":"MajesticHorseMount","x":433,"y":163,"buff_type":0,"tooltip":["Riding a Majestic Horse"]},{"id":277,"name":"Dark Horse Mount","internal_name":"DarkHorseMount","x":451,"y":163,"buff_type":0,"tooltip":["Riding a Dark Horse"]},{"id":278,"name":"Pogo Stick Mount","internal_name":"PogoStickMount","x":469,"y":163,"buff_type":0,"tooltip":["Kss-shik! Kss-shik! Kss-shik!"]},{"id":279,"name":"Pirate Ship Mount","internal_name":"PirateShipMount","x":487,"y":163,"buff_type":0,"tooltip":["You're the captain now"]},{"id":280,"name":"Tree Mount","internal_name":"SpookyWoodMount","x":1,"y":181,"buff_type":0,"tooltip":["Run, forest, run!"]},{"id":281,"name":"Santank Mount","internal_name":"SantankMount","x":19,"y":181,"buff_type":0,"tooltip":["Crossing off the naughty list..."]},{"id":282,"name":"Goat Mount","internal_name":"WallOfFleshGoatMount","x":37,"y":181,"buff_type":0,"tooltip":["This ride is totally metal!"]},{"id":283,"name":"Book Mount","internal_name":"DarkMageBookMount","x":55,"y":181,"buff_type":0,"tooltip":["The Book is now helping in your guidance"]},{"id":284,"name":"Slime Prince","internal_name":"KingSlimePet","x":73,"y":181,"buff_type":0,"tooltip":["He answers to a higher authority"]},{"id":285,"name":"Suspicious Eye","internal_name":"EyeOfCthulhuPet","x":91,"y":181,"buff_type":0,"tooltip":["Just keepin' an eye out..."]},{"id":286,"name":"Eater of Worms","internal_name":"EaterOfWorldsPet","x":109,"y":181,"buff_type":0,"tooltip":["May ruin several backyards"]},{"id":287,"name":"Spider Brain","internal_name":"BrainOfCthulhuPet","x":127,"y":181,"buff_type":0,"tooltip":["It's crawling around... icky"]},{"id":288,"name":"Skeletron Jr.","internal_name":"SkeletronPet","x":145,"y":181,"buff_type":0,"tooltip":["Skeletron Jr. Is following you"]},{"id":289,"name":"Honey Bee","internal_name":"QueenBeePet","x":163,"y":181,"buff_type":0,"tooltip":["A honey bee is following you"]},{"id":290,"name":"Destroyer-Lite","internal_name":"DestroyerPet","x":181,"y":181,"buff_type":0,"tooltip":["For destruction on the go"]},{"id":291,"name":"Rez and Spaz","internal_name":"TwinsPet","x":199,"y":181,"buff_type":0,"tooltip":["You have special eyes!"]},{"id":292,"name":"Mini Prime","internal_name":"SkeletronPrimePet","x":217,"y":181,"buff_type":0,"tooltip":["Each tool can commit murder"]},{"id":293,"name":"Plantera Seedling","internal_name":"PlanteraPet","x":235,"y":181,"buff_type":0,"tooltip":["What exactly does it eat, anyway?"]},{"id":294,"name":"Toy Golem","internal_name":"GolemPet","x":253,"y":181,"buff_type":0,"tooltip":["Got myself a crying, talking, sleeping, walking, living idol!"]},{"id":295,"name":"Tiny Fishron","internal_name":"DukeFishronPet","x":271,"y":181,"buff_type":0,"tooltip":["A sea-green marquess of the abyss"]},{"id":296,"name":"Phantasmal Dragon","internal_name":"LunaticCultistPet","x":289,"y":181,"buff_type":0,"tooltip":["It keeps looking at the Moon"]},{"id":297,"name":"Moonling","internal_name":"MoonLordPet","x":307,"y":181,"buff_type":0,"tooltip":["A friend from beyond"]},{"id":298,"name":"Fairy Princess","internal_name":"FairyQueenPet","x":325,"y":181,"buff_type":0,"tooltip":["The light of the fair folk illuminates all"]},{"id":299,"name":"Jack 'O Lantern","internal_name":"PumpkingPet","x":343,"y":181,"buff_type":0,"tooltip":["A small Jack 'O Lantern is fiendishly lighting the way"]},{"id":300,"name":"Everscream Sapling","internal_name":"EverscreamPet","x":361,"y":181,"buff_type":0,"tooltip":["Taking the tree for a walk!"]},{"id":301,"name":"Ice Queen","internal_name":"IceQueenPet","x":379,"y":181,"buff_type":0,"tooltip":["Ice Queen has been reborn as your companion"]},{"id":302,"name":"Alien Skater","internal_name":"MartianPet","x":397,"y":181,"buff_type":0,"tooltip":["How do you do, fellow humans?"]},{"id":303,"name":"Baby Ogre","internal_name":"DD2OgrePet","x":415,"y":181,"buff_type":0,"tooltip":["He's got a big stick and he doesn't know how to use it"]},{"id":304,"name":"Itsy Betsy","internal_name":"DD2BetsyPet","x":433,"y":181,"buff_type":0,"tooltip":["Itsy Betsy is following you"]},{"id":305,"name":"Lava Shark Mount","internal_name":"LavaSharkMount","x":451,"y":181,"buff_type":0,"tooltip":["Surfing the molten seas!"]},{"id":306,"name":"Titanium Barrier","internal_name":"TitaniumStorm","x":469,"y":181,"buff_type":0,"tooltip":["Defensive shards surround you"]},{"id":307,"name":"Leather Whip","internal_name":"BlandWhipEnemyDebuff","x":487,"y":181,"buff_type":1},{"id":308,"name":"Durendal's Blessing","internal_name":"SwordWhipPlayerBuff","x":1,"y":199,"buff_type":0,"tooltip":["Whip speed is increased"]},{"id":309,"name":"Durendal","internal_name":"SwordWhipNPCDebuff","x":19,"y":199,"buff_type":1},{"id":310,"name":"Dark Harvest","internal_name":"ScytheWhipEnemyDebuff","x":37,"y":199,"buff_type":1},{"id":311,"name":"Harvest Time","internal_name":"ScytheWhipPlayerBuff","x":55,"y":199,"buff_type":0,"tooltip":["Whip speed is increased"]},{"id":312,"name":"A Nice Buff","internal_name":"CoolWhipPlayerBuff","x":73,"y":199,"buff_type":0,"tooltip":["Summons a snowflake to fight for you"]},{"id":313,"name":"Firecracker","internal_name":"FlameWhipEnemyDebuff","x":91,"y":199,"buff_type":1},{"id":314,"name":"Jungle's Fury","internal_name":"ThornWhipPlayerBuff","x":109,"y":199,"buff_type":0,"tooltip":["Whip speed is increased"]},{"id":315,"name":"Snapthorn","internal_name":"ThornWhipNPCDebuff","x":127,"y":199,"buff_type":1},{"id":316,"name":"Kaleidoscope","internal_name":"RainbowWhipNPCDebuff","x":145,"y":199,"buff_type":1},{"id":317,"name":"Slime Princess","internal_name":"QueenSlimePet","x":163,"y":199,"buff_type":0,"tooltip":["She is the higher authority"]},{"id":318,"name":"Winged Slime Mount","internal_name":"QueenSlimeMount","x":181,"y":199,"buff_type":0,"tooltip":["BOING FLAP BOING!"]},{"id":319,"name":"Morning Star","internal_name":"MaceWhipNPCDebuff","x":199,"y":199,"buff_type":1},{"id":320,"name":"Sparkle Slime","internal_name":"GelBalloonBuff","x":217,"y":199,"buff_type":1,"tooltip":["You are slimy and sparkly"]},{"id":321,"name":"Cerebral Mindtrick","internal_name":"BrainOfConfusionBuff","x":235,"y":199,"buff_type":1,"tooltip":["Increased critical chance"]},{"id":322,"name":"Terraprisma","internal_name":"EmpressBlade","x":253,"y":199,"buff_type":0,"tooltip":["The Blades of the Empress will fight for you"]},{"id":323,"name":"Hellfire","internal_name":"OnFire3","x":271,"y":199,"buff_type":1,"tooltip":["Slowly losing life"]},{"id":324,"name":"Frostbite","internal_name":"Frostburn2","x":289,"y":199,"buff_type":1,"tooltip":["It's either really hot or really cold. Either way it REALLY hurts"]},{"id":325,"name":"Flinx","internal_name":"FlinxMinion","x":307,"y":199,"buff_type":0,"tooltip":["The snow flinx will fight for you"]},{"id":326,"name":"Spinal Tap","internal_name":"BoneWhipNPCDebuff","x":325,"y":199,"buff_type":1},{"id":327,"name":"Bernie","internal_name":"BerniePet","x":343,"y":199,"buff_type":0,"tooltip":["You're always there for me, Bernie"]},{"id":328,"name":"Glommer","internal_name":"GlommerPet","x":361,"y":199,"buff_type":0,"tooltip":["It's fuzzy! And slimy..."]},{"id":329,"name":"Tiny Deerclops","internal_name":"DeerclopsPet","x":379,"y":199,"buff_type":0,"tooltip":["Holy crap!"]},{"id":330,"name":"Pig","internal_name":"PigPet","x":397,"y":199,"buff_type":0,"tooltip":["Walking back bacon!"]},{"id":331,"name":"Chester","internal_name":"ChesterPet","x":415,"y":199,"buff_type":0,"tooltip":["Otto von Chesterfield, Esquire"]},{"id":332,"name":"Peckish","internal_name":"NeutralHunger","x":433,"y":199,"buff_type":1,"tooltip":["You could eat, but it's not so bad."]},{"id":333,"name":"Hungry","internal_name":"Hunger","x":451,"y":199,"buff_type":1,"tooltip":["You are quite hungry and feeling weak."]},{"id":334,"name":"Starving","internal_name":"Starving","x":469,"y":199,"buff_type":1,"tooltip":["You are starving to death! Eat immediately!"]},{"id":335,"name":"Abigail","internal_name":"AbigailMinion","x":487,"y":199,"buff_type":0,"tooltip":["Abigail will fight to protect you"]},{"id":336,"name":"Hearty Meal","internal_name":"HeartyMeal","x":1,"y":217,"buff_type":0,"tooltip":["Increased Life Regeneration"]},{"id":337,"name":"Tentacle Spike","internal_name":"TentacleSpike","x":19,"y":217,"buff_type":1},{"id":338,"name":"Fart Kart","internal_name":"FartMinecartRight","x":37,"y":217,"buff_type":0,"tooltip":["Riding in a minecart"]},{"id":339,"name":"Fart Kart","internal_name":"FartMinecartLeft","x":55,"y":217,"buff_type":0,"tooltip":["Riding in a minecart"]},{"id":340,"name":"Cool Whip","internal_name":"CoolWhipNPCDebuff","x":73,"y":217,"buff_type":0},{"id":341,"name":"Slime Royals","internal_name":"DualSlimePet","x":91,"y":217,"buff_type":0,"tooltip":["The final authority, they will unite the kingdoms!"]},{"id":342,"name":"Blessing of the Moon","internal_name":"WolfMount","x":109,"y":217,"buff_type":0,"tooltip":["You turned into a wolf!"]},{"id":343,"name":"Biome Sight","internal_name":"BiomeSight","x":127,"y":217,"buff_type":0,"tooltip":["Shows the location of infected blocks"]},{"id":344,"name":"Blood Butchered","internal_name":"BloodButcherer","x":145,"y":217,"buff_type":1,"tooltip":["Bleeding out rapidly"]},{"id":345,"name":"Junimo","internal_name":"JunimoPet","x":163,"y":217,"buff_type":0,"tooltip":["Keeper of the Forest"]},{"id":346,"name":"Terra Fart Kart","internal_name":"TerraFartMinecartRight","x":181,"y":217,"buff_type":0,"tooltip":["Riding in a minecart"]},{"id":347,"name":"Terra Fart Kart","internal_name":"TerraFartMinecartLeft","x":199,"y":217,"buff_type":0,"tooltip":["Riding in a minecart"]},{"id":348,"name":"Strategist","internal_name":"WarTable","x":217,"y":217,"buff_type":0,"tooltip":["Increased max number of sentries"]},{"id":349,"name":"Blue Chicken","internal_name":"BlueChickenPet","x":235,"y":217,"buff_type":0,"tooltip":["The nametag says 'Shane'"]},{"id":350,"name":"Shadow Candle","internal_name":"ShadowCandle","x":253,"y":217,"buff_type":1,"tooltip":["Dispels the peace of towns"]},{"id":351,"name":"Spiffo","internal_name":"Spiffo","x":271,"y":217,"buff_type":0,"tooltip":["'This is how you died'"]},{"id":352,"name":"Caveling Gardener","internal_name":"CavelingGardener","x":289,"y":217,"buff_type":0,"tooltip":["Huk arrr gruk tu!"]},{"id":353,"name":"Shimmering","internal_name":"Shimmer","x":307,"y":217,"buff_type":1,"tooltip":["You've gone insubstantial!"]},{"id":354,"name":"The Dirtiest Block","internal_name":"DirtiestBlock","x":325,"y":217,"buff_type":0,"tooltip":["You can tell by all the extra dirt"]}]