[{"id":0,"name":"","internal_name":"None"},{"id":1,"name":"Large","internal_name":"Large"},{"id":2,"name":"Massive","internal_name":"Massive"},{"id":3,"name":"Dangerous","internal_name":"Dangerous"},{"id":4,"name":"Savage","internal_name":"Savage"},{"id":5,"name":"Sharp","internal_name":"Sharp"},{"id":6,"name":"Pointy","internal_name":"Pointy"},{"id":7,"name":"Tiny","internal_name":"Tiny"},{"id":8,"name":"Terrible","internal_name":"Terrible"},{"id":9,"name":"Small","internal_name":"Small"},{"id":10,"name":"Dull","internal_name":"Dull"},{"id":11,"name":"Unhappy","internal_name":"Unhappy"},{"id":12,"name":"Bulky","internal_name":"Bulky"},{"id":13,"name":"Shameful","internal_name":"Shameful"},{"id":14,"name":"Heavy","internal_name":"Heavy"},{"id":15,"name":"Light","internal_name":"Light"},{"id":16,"name":"Sighted","internal_name":"Sighted"},{"id":17,"name":"Rapid","internal_name":"Rapid"},{"id":18,"name":"Hasty","internal_name":"Hasty"},{"id":19,"name":"Intimidating","internal_name":"Intimidating"},{"id":20,"name":"Deadly","internal_name":"Deadly2"},{"id":21,"name":"Staunch","internal_name":"Staunch"},{"id":22,"name":"Awful","internal_name":"Awful"},{"id":23,"name":"Lethargic","internal_name":"Lethargic"},{"id":24,"name":"Awkward","internal_name":"Awkward"},{"id":25,"name":"Powerful","internal_name":"Powerful"},{"id":26,"name":"Mystic","internal_name":"Mystic"},{"id":27,"name":"Adept","internal_name":"Adept"},{"id":28,"name":"Masterful","internal_name":"Masterful"},{"id":29,"name":"Inept","internal_name":"Inept"},{"id":30,"name":"Ignorant","internal_name":"Ignorant"},{"id":31,"name":"Deranged","internal_name":"Deranged"},{"id":32,"name":"Intense","internal_name":"Intense"},{"id":33,"name":"Taboo","internal_name":"Taboo"},{"id":34,"name":"Celestial","internal_name":"Celestial"},{"id":35,"name":"Furious","internal_name":"Furious"},{"id":36,"name":"Keen","internal_name":"Keen"},{"id":37,"name":"Superior","internal_name":"Superior"},{"id":38,"name":"Forceful","internal_name":"Forceful"},{"id":39,"name":"Broken","internal_name":"Broken"},{"id":40,"name":"Damaged","internal_name":"Damaged"},{"id":41,"name":"Shoddy","internal_name":"Shoddy"},{"id":42,"name":"Quick","internal_name":"Quick"},{"id":43,"name":"Deadly","internal_name":"Deadly"},{"id":44,"name":"Agile","internal_name":"Agile"},{"id":45,"name":"Nimble","internal_name":"Nimble"},{"id":46,"name":"Murderous","internal_name":"Murderous"},{"id":47,"name":"Slow","internal_name":"Slow"},{"id":48,"name":"Sluggish","internal_name":"Sluggish"},{"id":49,"name":"Lazy","internal_name":"Lazy"},{"id":50,"name":"Annoying","internal_name":"Annoying"},{"id":51,"name":"Nasty","internal_name":"Nasty"},{"id":52,"name":"Manic","internal_name":"Manic"},{"id":53,"name":"Hurtful","internal_name":"Hurtful"},{"id":54,"name":"Strong","internal_name":"Strong"},{"id":55,"name":"Unpleasant","internal_name":"Unpleasant"},{"id":56,"name":"Weak","internal_name":"Weak"},{"id":57,"name":"Ruthless","internal_name":"Ruthless"},{"id":58,"name":"Frenzying","internal_name":"Frenzying"},{"id":59,"name":"Godly","internal_name":"Godly"},{"id":60,"name":"Demonic","internal_name":"Demonic"},{"id":61,"name":"Zealous","internal_name":"Zealous"},{"id":62,"name":"Hard","internal_name":"Hard"},{"id":63,"name":"Guarding","internal_name":"Guarding"},{"id":64,"name":"Armored","internal_name":"Armored"},{"id":65,"name":"Warding","internal_name":"Warding"},{"id":66,"name":"Arcane","internal_name":"Arcane"},{"id":67,"name":"Precise","internal_name":"Precise"},{"id":68,"name":"Lucky","internal_name":"Lucky"},{"id":69,"name":"Jagged","internal_name":"Jagged"},{"id":70,"name":"Spiked","internal_name":"Spiked"},{"id":71,"name":"Angry","internal_name":"Angry"},{"id":72,"name":"Menacing","internal_name":"Menacing"},{"id":73,"name":"Brisk","internal_name":"Brisk"},{"id":74,"name":"Fleeting","internal_name":"Fleeting"},{"id":75,"name":"Hasty","internal_name":"Hasty2"},{"id":76,"name":"Quick","internal_name":"Quick2"},{"id":77,"name":"Wild","internal_name":"Wild"},{"id":78,"name":"Rash","internal_name":"Rash"},{"id":79,"name":"Intrepid","internal_name":"Intrepid"},{"id":80,"name":"Violent","internal_name":"Violent"},{"id":81,"name":"Legendary","internal_name":"Legendary"},{"id":82,"name":"Unreal","internal_name":"Unreal"},{"id":83,"name":"Mythical","internal_name":"Mythical"},{"id":84,"name":"Legendary","internal_name":"Legendary2"}]